"env","SourceInstance","Collected","cluster_name"
"UNKNOWN","PSQL-02","8/21/2025 1:17:30 PM","PCSQLCIT"
"UNKNOWN","PSQL-04","8/21/2025 1:17:30 PM","PCSQLCIT"
"UNKNOWN","PSQL-06","8/21/2025 1:17:30 PM","PCSQLCIT"
"UNKNOWN","PSQL-01","8/21/2025 1:17:30 PM","PCSQLANMA"
"UNKNOWN","PSQL-03","8/21/2025 1:17:30 PM","PCSQLANMA"
"UNKNOWN","PSQL-05","8/21/2025 1:17:30 PM","PCSQLANMA"
"QA","QSQL-02","8/21/2025 1:17:30 PM","QCSQLCIT"
"QA","QSQL-04","8/21/2025 1:17:30 PM","QCSQLCIT"
"QA","QSQL-06","8/21/2025 1:17:30 PM","QCSQLCIT"
